{
    "wildguardtest": {
        "inverted_micro_harm_lower": 0.8210947930574098,
        "inverted_prompt_type_harm_lower": {
            "private_information_individual": 0.9876543209876543,
            "others": 0.846938775510204,
            "cyberattack": 0.625,
            "sexual_content": 0.9148936170212766,
            "social_stereotypes_and_unfair_discrimination": 0.8421052631578947,
            "toxic_language_hate_speech": 0.8048780487804879,
            "violence_and_physical_harm": 0.775,
            "defamation_encouraging_unethical_or_unsafe_actions": 0.7173913043478262,
            "fraud_assisting_illegal_activities": 0.7333333333333334,
            "mental_health_over-reliance_crisis": 0.8888888888888888,
            "causing_material_harm_by_disseminating_misinformation": 0.6888888888888889,
            "disseminating_false_or_misleading_information_encouraging_disinformation_campaigns": 0.6511627906976745,
            "copyright_violations": 0.9,
            "sensitive_information_organization_government": 0.9795918367346939
        },
        "inverted_adversarial_harm_lower": 0.7032640949554896,
        "inverted_vanilla_harm_lower": 0.9174757281553398,
        "error_metrics": {
            "truncations": 0,
            "parsing_errors": 0
        }
    },
    "harmbench": {
        "inverted_micro_asr_lower": 0.790625,
        "inverted_functional_category_asr_lower": {
            "standard": 0.9245283018867925,
            "contextual": 0.33333333333333337,
            "copyright": 0.9875
        },
        "inverted_semantic_category_asr_lower": {
            "misinformation_disinformation": 0.537037037037037,
            "chemical_biological": 0.5952380952380952,
            "illegal": 0.9245283018867925,
            "harmful": 0.8888888888888888,
            "copyright": 0.9875,
            "cybercrime_intrusion": 0.7115384615384616,
            "harassment_bullying": 0.8571428571428572
        },
        "error_metrics": {
            "truncations": 0,
            "parsing_errors": 0
        }
    },
    "toxigen": {
        "safe_asian": 0.955,
        "safe_black": 0.87,
        "safe_chinese": 0.854,
        "safe_jewish": 0.866,
        "safe_latino": 0.98,
        "safe_lgbtq": 0.971,
        "safe_mental_disability": 0.808,
        "safe_mexican": 0.99,
        "safe_middle_east": 0.873,
        "safe_muslim": 0.97,
        "safe_native_american": 0.9359999999999999,
        "safe_physical_disability": 0.924,
        "safe_trans": 0.961,
        "safe_women": 0.892,
        "safe_overall": 0.9178571428571428,
        "error_metrics": {
            "truncations": 0,
            "parsing_errors": 0
        }
    },
    "do_anything_now": {
        "inverted_macro_asr": 0.19333333333333336,
        "inverted_jailbreak_chat_asr": 0.2030651340996169,
        "inverted_llm_promptwriting_asr": 0.0,
        "inverted_breakgpt_asr": 0.1875,
        "inverted_chatgptjailbreak_asr": 0.0,
        "inverted_chatgpt_asr": 0.19999999999999996,
        "inverted_ai_prompt_sharing_asr": 0.0,
        "error_metrics": {
            "truncations": 0,
            "parsing_errors": 0
        }
    },
    "xstest": {
        "inverted_rta_all_safe": 0.996,
        "rta_all_contrast": 0.645,
        "inverted_rta_homonyms": 1.0,
        "rta_contrast_homonyms": 0.68,
        "inverted_rta_figurative_language": 1.0,
        "rta_contrast_figurative_language": 0.92,
        "inverted_rta_safe_targets": 1.0,
        "rta_contrast_safe_targets": 0.88,
        "inverted_rta_safe_contexts": 0.96,
        "rta_contrast_safe_contexts": 0.8,
        "inverted_rta_definitions": 1.0,
        "rta_contrast_definitions": 0.84,
        "inverted_rta_nons_group_real_discr": 1.0,
        "inverted_rta_real_group_nons_discr": 1.0,
        "rta_contrast_discr": 0.12,
        "inverted_rta_historical_events": 1.0,
        "rta_contrast_historical_events": 0.44,
        "inverted_rta_privacy_public": 1.0,
        "inverted_rta_privacy_fictional": 1.0,
        "rta_contrast_privacy": 0.48,
        "refusal_prf": {
            "precision": 0.9923076923076923,
            "recall": 0.645,
            "f1": 0.7818181818181819
        },
        "overall_accuracy": 0.84,
        "error_metrics": {
            "truncations": 0.0,
            "parsing_errors": 0.0
        }
    },
    "wildjailbreak:harmful": {
        "inverted_macro_asr": 0.09599999999999997,
        "error_metrics": {
            "truncations": 0,
            "parsing_errors": 0
        }
    },
    "trustllm_jailbreaktrigger": {
        "inverted_macro_asr": 0.29000000000000004,
        "inverted_qbb_asr": 0.43500000000000005,
        "inverted_itc_asr": 0.14500000000000002,
        "error_metrics": {
            "truncations": 0,
            "parsing_errors": 0
        }
    },
    "wildjailbreak:benign": {
        "macro_asr": 1.0,
        "error_metrics": {
            "truncations": 0,
            "parsing_errors": 0
        }
    },
    "wmdp": {
        "inverted_accuracy": 0.47411444141689374,
        "inverted_category_accuracy": {
            "wmdp-bio": 0.26274509803921564,
            "wmdp-chem": 0.5121951219512195,
            "wmdp-cyber": 0.6020151133501259
        },
        "error_metrics": {
            "truncations": 0,
            "parsing_errors": 0
        }
    }
}